Title,Title_URL,Field
Ud 1:1  Bodhi Sutta | Awakening (1),https://www.dhammatalks.org/suttas/KN/Ud/ud1_1.html,Ud 1:1
Ud 1:2  Bodhi Sutta | Awakening (2),https://www.dhammatalks.org/suttas/KN/Ud/ud1_2.html,Ud 1:2
Ud 1:3  Bodhi Sutta | Awakening (3),https://www.dhammatalks.org/suttas/KN/Ud/ud1_3.html,Ud 1:3
Ud 1:4  Huhuṅka Sutta | Overbearing,https://www.dhammatalks.org/suttas/KN/Ud/ud1_4.html,Ud 1:4
Ud 1:5  Brāhmaṇa Sutta | Brahmans,https://www.dhammatalks.org/suttas/KN/Ud/ud1_5.html,Ud 1:5
Ud 1:6  Kassapa Sutta | Mahā Kassapa,https://www.dhammatalks.org/suttas/KN/Ud/ud1_6.html,Ud 1:6
Ud 1:7  Aja Sutta | Aja,https://www.dhammatalks.org/suttas/KN/Ud/ud1_7.html,Ud 1:7
Ud 1:8  Saṅgāmaji Sutta | Saṅgāmaji,https://www.dhammatalks.org/suttas/KN/Ud/ud1_8.html,Ud 1:8
Ud 1:9  Jaṭila Sutta | Ascetics,https://www.dhammatalks.org/suttas/KN/Ud/ud1_9.html,Ud 1:9
Ud 1:10  Bāhiya Sutta | Bāhiya,https://www.dhammatalks.org/suttas/KN/Ud/ud1_10.html,Ud 1:10
Ud 2:1  Muccalinda Sutta | Muccalinda,https://www.dhammatalks.org/suttas/KN/Ud/ud2_1.html,Ud 2:1
Ud 2:2  Rājā Sutta | Kings,https://www.dhammatalks.org/suttas/KN/Ud/ud2_2.html,Ud 2:2
Ud 2:3  Daṇḍa Sutta | The Stick,https://www.dhammatalks.org/suttas/KN/Ud/ud2_3.html,Ud 2:3
Ud 2:4  Sakkāra Sutta | Veneration,https://www.dhammatalks.org/suttas/KN/Ud/ud2_4.html,Ud 2:4
Ud 2:5  Upāsaka Sutta | The Lay Follower,https://www.dhammatalks.org/suttas/KN/Ud/ud2_5.html,Ud 2:5
Ud 2:6  Gabbhinin Sutta | The Pregnant Woman,https://www.dhammatalks.org/suttas/KN/Ud/ud2_6.html,Ud 2:6
Ud 2:7  Ekaputta Sutta | The Only Son,https://www.dhammatalks.org/suttas/KN/Ud/ud2_7.html,Ud 2:7
Ud 2:8  Suppavāsā Sutta | Suppavāsā,https://www.dhammatalks.org/suttas/KN/Ud/ud2_8.html,Ud 2:8
Ud 2:9  Visākhā Sutta | Visākhā,https://www.dhammatalks.org/suttas/KN/Ud/ud2_9.html,Ud 2:9
Ud 2:10  Kāḷigodha Sutta | Bhaddiya Kāḷigodha,https://www.dhammatalks.org/suttas/KN/Ud/ud2_10.html,Ud 2:10
Ud 3:1  Kamma Sutta | Kamma,https://www.dhammatalks.org/suttas/KN/Ud/ud3_1.html,Ud 3:1
Ud 3:2  Nanda Sutta | Nanda,https://www.dhammatalks.org/suttas/KN/Ud/ud3_2.html,Ud 3:2
Ud 3:3  Yasoja Sutta | Yasoja,https://www.dhammatalks.org/suttas/KN/Ud/ud3_3.html,Ud 3:3
Ud 3:4  Sāriputta Sutta | Sāriputta,https://www.dhammatalks.org/suttas/KN/Ud/ud3_4.html,Ud 3:4
Ud 3:5  Kolita Sutta | Mahā Moggallāna,https://www.dhammatalks.org/suttas/KN/Ud/ud3_5.html,Ud 3:5
Ud 3:6  Pilinda Sutta | Pilinda,https://www.dhammatalks.org/suttas/KN/Ud/ud3_6.html,Ud 3:6
Ud 3:7  Kassapa Sutta | Mahā Kassapa,https://www.dhammatalks.org/suttas/KN/Ud/ud3_7.html,Ud 3:7
Ud 3:8  Piṇḍa Sutta | Alms,https://www.dhammatalks.org/suttas/KN/Ud/ud3_8.html,Ud 3:8
Ud 3:9  Sippa Sutta | Crafts,https://www.dhammatalks.org/suttas/KN/Ud/ud3_9.html,Ud 3:9
Ud 3:10  Loka Sutta | Surveying the World,https://www.dhammatalks.org/suttas/KN/Ud/ud3_10.html,Ud 3:10
Ud 4:1  Meghiya Sutta | Meghiya,https://www.dhammatalks.org/suttas/KN/Ud/ud4_1.html,Ud 4:1
Ud 4:2  Uddhata Sutta | High-strung,https://www.dhammatalks.org/suttas/KN/Ud/ud4_2.html,Ud 4:2
Ud 4:3  Gopāla Sutta | The Cowherd,https://www.dhammatalks.org/suttas/KN/Ud/ud4_3.html,Ud 4:3
Ud 4:4  Juñha Sutta | Moonlit,https://www.dhammatalks.org/suttas/KN/Ud/ud4_4.html,Ud 4:4
Ud 4:5  Nāga Sutta | The Bull Elephant,https://www.dhammatalks.org/suttas/KN/Ud/ud4_5.html,Ud 4:5
Ud 4:6  Piṇḍola Sutta | Piṇḍola,https://www.dhammatalks.org/suttas/KN/Ud/ud4_6.html,Ud 4:6
Ud 4:7  Sāriputta Sutta | Sāriputta,https://www.dhammatalks.org/suttas/KN/Ud/ud4_7.html,Ud 4:7
Ud 4:8  Sundarī Sutta | Sundarī,https://www.dhammatalks.org/suttas/KN/Ud/ud4_8.html,Ud 4:8
Ud 4:9  Upasena Vaṅgantaputta Sutta | Upasena Vaṅgantaputta,https://www.dhammatalks.org/suttas/KN/Ud/ud4_9.html,Ud 4:9
Ud 4:10  Sāriputta Sutta | Sāriputta,https://www.dhammatalks.org/suttas/KN/Ud/ud4_10.html,Ud 4:10
Ud 5:1  Rājan Sutta | The King,https://www.dhammatalks.org/suttas/KN/Ud/ud5_1.html,Ud 5:1
Ud 5:2  Appāyuka Sutta | Short-lived,https://www.dhammatalks.org/suttas/KN/Ud/ud5_2.html,Ud 5:2
Ud 5:3  Kuṭṭhi Sutta | The Leper,https://www.dhammatalks.org/suttas/KN/Ud/ud5_3.html,Ud 5:3
Ud 5:4  Kumāra Sutta | Boys,https://www.dhammatalks.org/suttas/KN/Ud/ud5_4.html,Ud 5:4
Ud 5:5  Uposatha Sutta | Uposatha,https://www.dhammatalks.org/suttas/KN/Ud/ud5_5.html,Ud 5:5
Ud 5:6  Soṇa Sutta | Soṇa,https://www.dhammatalks.org/suttas/KN/Ud/ud5_6.html,Ud 5:6
Ud 5:7  Revata Sutta | Revata,https://www.dhammatalks.org/suttas/KN/Ud/ud5_7.html,Ud 5:7
Ud 5:8  Ānanda Sutta | Ānanda,https://www.dhammatalks.org/suttas/KN/Ud/ud5_8.html,Ud 5:8
Ud 5:9  Sadhāyamāna Sutta | Jeering,https://www.dhammatalks.org/suttas/KN/Ud/ud5_9.html,Ud 5:9
Ud 5:10  Panthaka Sutta | Cūḷa Panthaka,https://www.dhammatalks.org/suttas/KN/Ud/ud5_10.html,Ud 5:10
Ud 6:1  Āyusama-osajjana Sutta | Relinquishment of the Life Force,https://www.dhammatalks.org/suttas/KN/Ud/ud6_1.html,Ud 6:1
Ud 6:2  Paṭisalla Sutta | Seclusion,https://www.dhammatalks.org/suttas/KN/Ud/ud6_2.html,Ud 6:2
Ud 6:3  Ahu Sutta | It Was,https://www.dhammatalks.org/suttas/KN/Ud/ud6_3.html,Ud 6:3
Ud 6:4  Tittha Sutta | Sectarians (1),https://www.dhammatalks.org/suttas/KN/Ud/ud6_4.html,Ud 6:4
Ud 6:5  Tittha Sutta | Sectarians (2),https://www.dhammatalks.org/suttas/KN/Ud/ud6_5.html,Ud 6:5
Ud 6:6  Tittha Sutta | Sectarians (3),https://www.dhammatalks.org/suttas/KN/Ud/ud6_6.html,Ud 6:6
Ud 6:7  Subhūti Sutta | Subhūti,https://www.dhammatalks.org/suttas/KN/Ud/ud6_7.html,Ud 6:7
Ud 6:8  Gaṇika Sutta | The Courtesan,https://www.dhammatalks.org/suttas/KN/Ud/ud6_8.html,Ud 6:8
Ud 6:9  Upāti Sutta | Rushing,https://www.dhammatalks.org/suttas/KN/Ud/ud6_9.html,Ud 6:9
Ud 6:10  Uppajjanti Sutta | They Appear,https://www.dhammatalks.org/suttas/KN/Ud/ud6_10.html,Ud 6:10
Ud 7:1  Bhaddiya Sutta | Bhaddiya (1),https://www.dhammatalks.org/suttas/KN/Ud/ud7_1.html,Ud 7:1
Ud 7:2  Bhaddiya Sutta | Bhaddiya (2),https://www.dhammatalks.org/suttas/KN/Ud/ud7_2.html,Ud 7:2
Ud 7:3  Kāmesu Satta Sutta | Attached to Sensual Pleasures (1),https://www.dhammatalks.org/suttas/KN/Ud/ud7_3.html,Ud 7:3
Ud 7:4  Kāmesu Satta Sutta | Attached to Sensual Pleasures (2),https://www.dhammatalks.org/suttas/KN/Ud/ud7_4.html,Ud 7:4
Ud 7:5  Lakuṇṭha Sutta | The Dwarf,https://www.dhammatalks.org/suttas/KN/Ud/ud7_5.html,Ud 7:5
Ud 7:6  Taṇhākhaya Sutta | The Ending of Craving,https://www.dhammatalks.org/suttas/KN/Ud/ud7_6.html,Ud 7:6
Ud 7:7  Papañcakhaya Sutta | The Ending of Objectification,https://www.dhammatalks.org/suttas/KN/Ud/ud7_7.html,Ud 7:7
Ud 7:8  Kaccāna Sutta | Kaccāna,https://www.dhammatalks.org/suttas/KN/Ud/ud7_8.html,Ud 7:8
Ud 7:9  Udapāna Sutta | The Well,https://www.dhammatalks.org/suttas/KN/Ud/ud7_9.html,Ud 7:9
Ud 7:10  Udena Sutta | King Udena,https://www.dhammatalks.org/suttas/KN/Ud/ud7_10.html,Ud 7:10
Ud 8:1  Nibbāna Sutta | Unbinding (1),https://www.dhammatalks.org/suttas/KN/Ud/ud8_1.html,Ud 8:1
Ud 8:2  Nibbāna Sutta | Unbinding (2),https://www.dhammatalks.org/suttas/KN/Ud/ud8_2.html,Ud 8:2
Ud 8:3  Nibbāna Sutta | Unbinding (3),https://www.dhammatalks.org/suttas/KN/Ud/ud8_3.html,Ud 8:3
Ud 8:4  Nibbāna Sutta | Unbinding (4),https://www.dhammatalks.org/suttas/KN/Ud/ud8_4.html,Ud 8:4
Ud 8:5  Cunda Sutta | Cunda,https://www.dhammatalks.org/suttas/KN/Ud/ud8_5.html,Ud 8:5
Ud 8:6  Pāṭaligāma Sutta | Pāṭali Village,https://www.dhammatalks.org/suttas/KN/Ud/ud8_6.html,Ud 8:6
Ud 8:7  Dvidhapatha Sutta | A Fork in the Path,https://www.dhammatalks.org/suttas/KN/Ud/ud8_7.html,Ud 8:7
Ud 8:8  Visākhā Sutta | Visākhā,https://www.dhammatalks.org/suttas/KN/Ud/ud8_8.html,Ud 8:8
Ud 8:9  Dabba Sutta | Dabba (1),https://www.dhammatalks.org/suttas/KN/Ud/ud8_9.html,Ud 8:9
Ud 8:10  Dabba Sutta | Dabba (2),https://www.dhammatalks.org/suttas/KN/Ud/ud8_10.html,Ud 8:10